{
  "preprocessing": "stemming",
  "model": "Linear SVM",
  "cv_macro_f1": 0.788855876006917,
  "best_params": {
    "tfidf__sublinear_tf": true,
    "tfidf__ngram_range": [
      1,
      2
    ],
    "tfidf__min_df": 1,
    "tfidf__max_features": 50000,
    "svm__class_weight": "balanced",
    "svm__C": 1.0
  },
  "test_accuracy": 0.9632586621192155,
  "test_macro_f1": 0.8011050116410088,
  "test_weighted_f1": 0.9612595864259369,
  "negative_f1": 0.7991313789359392,
  "neutral_f1": 0.6203423967774421,
  "positive_f1": 0.983841259209645
}